id,human_readable_id,source,target,description,weight,combined_degree,text_unit_ids
908b0070-c6b7-4d07-9702-ca51f397727a,83,ㅇㅇ블럭,공동주택 신축공사,"ㅇㅇ블럭 is the named block, site, or development area associated with the **공동주택 신축공사** project. It appears on the architectural drawing and is identified in the document as the relevant block or section for the apartment new-construction work. The descriptions consistently indicate that ㅇㅇ블럭 is not a separate project unrelated to the housing development, but rather the specific project block and subject area within the overall **공동주택 신축공사**. In this context, ㅇㅇ블럭 serves as the block name, site name, and labeled area tied to the new multi-family housing construction project, showing that it is part of and directly connected to the apartment construction project.",81.0,36,"['e354254a1f0d674e0712339fad9b2761148995f8af53b764da9e58a891bb18c4047ab9d3ea61e9afd84ab31fc9863d0d21ffa1717229fda5f563690839f3954f'
 '33d15036a7ec844a6fcc671fa12787feedbc3383f064f5909b98bf85016c7d942baca1661b96730f385c78293212662bb90bfdb328fc00c4bc4f23ebf365f124'
 'f8db7248021e80846985caa71f205b19e40d5e89a583960869f0a9415a6a56e8b7fbf0948358a53978dfa0ac3ce3cd3660964ec2a7cfb1daca391d4b8ec72175'
 '9f5fb8c039cba31d46690f646b840681193811898b63abb3ef9bee31afd2cdc3eef6e14c8d972d9d6e2dd6b2b4b85b0cf1913418d215490a37558db70cc17e0a'
 '98bb812c7399f7f40e64d02dc76e3daf85ccc726a52d5cef51164dd802dcd264a40f6839fe122cb0eec03655fb117054d495c1b0fa7fa045d29ae18bac76d62d'
 '4039bed152f39dfce5acc1150ed4c33332bb9268bacfaa063204f8c264dd34041eda762bb849d9cc7e35084115ebfe83726baa61b226b3b3dab6679b07458c24'
 '8c8310ed8af7b5f69679ca96db5cd38404b1d2ff3f2e72b803bbc74d022a498b686ce83878e70b879dae6fe541f3b81197acd716321691e538c5d07a875ac978'
 '229d2e11875d92dbad3f676fcbfc69f961b2a17dcdd52e7a4ef459d8cded631e3355eacf5ae7f45c7716ad6224f2890026bc0b9be0c2a72a31e3c5ecc23fe469'
 '4a15db4d3a26173cd9a43087b3dfe04d7cda07475c805d68e2d9863bb935a99950089d5b25f0a8e10a601b9982c508dd6683010cef1b5a6f7c6b04b734fb721b'
 '98dd8c0b9b73350423f3b644568ab0630ebe13e4a4028a00fd400f1ec50ec0a262950fe014ad7b3e4fc6ee51a4b7901f2c0d1a7d9b36b15b682c126111cc335f'
 'b18e03a9493653c9848fb42a8148bd0a4077c3e797b15daa7653fa859ad27cd2a272281eebba43d1ab3790809807622aaf8c6c341c603c508503752080a0add1'
 '57e2d77fe10dd680dadbaf86dd527ea1f7b62c4ed5418fc49b87363c1236f6ee1a87028509b6926796813eb83ee2d9e8dd4ac89c237a8bc63d90e0313d28b015']"
9752d5af-485b-402f-ae0a-ceb9a0d838e2,252,A-302,84㎡형 단위세대 평면도 (확장형),"A-302 is the sheet number and drawing identifier for the **84㎡형 단위세대 평면도 (확장형)**, indicating the architectural floor plan drawing for the 84㎡ expanded-type unit. It serves as the label for the sheet containing the unit floor plan drawing and is consistently used across the descriptions as the reference for the 84㎡ expanded unit household floor plan.",60.0,81,"['9f5fb8c039cba31d46690f646b840681193811898b63abb3ef9bee31afd2cdc3eef6e14c8d972d9d6e2dd6b2b4b85b0cf1913418d215490a37558db70cc17e0a'
 '7c75dac995b41c0c216a19a3233ecda78c425b3f118ca33de2b2c96d8d3a529176f5f835629f31ae58f92a5f6dcdecb66a07065850ee78ebeec8d59cc3115a1e'
 '229d2e11875d92dbad3f676fcbfc69f961b2a17dcdd52e7a4ef459d8cded631e3355eacf5ae7f45c7716ad6224f2890026bc0b9be0c2a72a31e3c5ecc23fe469'
 '229d2e11875d92dbad3f676fcbfc69f961b2a17dcdd52e7a4ef459d8cded631e3355eacf5ae7f45c7716ad6224f2890026bc0b9be0c2a72a31e3c5ecc23fe469'
 '4a15db4d3a26173cd9a43087b3dfe04d7cda07475c805d68e2d9863bb935a99950089d5b25f0a8e10a601b9982c508dd6683010cef1b5a6f7c6b04b734fb721b'
 '98dd8c0b9b73350423f3b644568ab0630ebe13e4a4028a00fd400f1ec50ec0a262950fe014ad7b3e4fc6ee51a4b7901f2c0d1a7d9b36b15b682c126111cc335f'
 'f8661bb204d1dc3f40e6dc891ca46e52fdb583b2387d63efe49e7c54002ebf7b1325070d2e7a652afd2a30f314993f120f5eb1c40bf14eac7595434ee0e45706']"
bd1750f4-3ea1-4b30-acde-20110292bb29,1387,평생건강관리센타,재활운동실,"평생건강관리센타는 내부에 여러 기능 공간을 포함한 건강관리 시설이며, 그중 재활운동실은 평생건강관리센타의 평면도와 건물 배치 내에 포함된 실내 공간으로 나열된다. 재활운동실은 평생건강관리센타 안에 위치한 재활 및 운동을 위한 지정 공간으로, 건강관리센터의 여러 구역 중 하나로 간주된다. 두 공간은 같은 건물 안에서 서로 다른 실내 기능을 수행하는 공간으로 구성되어 있으며, 재활운동실은 평생건강관리센타의 구성 요소 중 하나로 명확히 포함된다.",44.0,67,"['7c99a1a5af425f3e03ec6e9293b5cb78da96f9b238e269535f3e8f2406f566c41f2cfbb27177b274fd7cf453b319fa1e8c1152dfd3e8f12626d6db19ca63abfb'
 'b526987a256ec83aa4d2e1f2dc7fdf5456ceb4e1d86fd93af24ca7eedbfe0d6da5becef5df136436ee0008acd9301cec23f67924489190d288f44f4e3313b7aa'
 'f7e08c001a5ee1409992755ba5e5b5da850340f6fa9907eb5b75b593271ccda1e1aae79e5d2554129704f5dc4d9252b21a6a9390e60af2c9c0f4103938d62fb7'
 '7c356e38bdef1328d0ba0c83aa148ef294018cda42a39b2c4c71bbb7f5a5c5f4456e28a15f3886bcfd611fd905297300892a789917fc0d89287ea32bed94ab9e'
 '3139d83177384334c171e8dbc781197d1faff57b67af22f58b972c1d8115cd1f43180ea9209afa931e9b9f2651be9b2e62fa075c25bef9fb5dd75304c75c32ae'
 '3a966bb4478a40eae30b5d02c8a738078634929ddb44bbf5dfab2f29bae2b754ba10c9ddf3262e1bc92b6840f7e21b4a18def11a7dce78735186125df1acb5c1']"
46ba2140-7dc2-4fbc-b705-b186f64cd67f,1392,평생건강관리센타,로비,"평생건강관리센타의 로비는 센터 내부에 위치한 주요 공용 공간이자, 전체 레이아웃의 일부로 구성된 공간이다. 이 로비는 평생건강관리센타 안에서 방문객들이 가장 먼저 접할 수 있는 대표적인 영역 중 하나이며, 센터 내 여러 공간들 가운데 공공성이 높은 장소로 기능한다. 또한 로비는 평생건강관리센타의 공간 배치에 포함된 명확히 구분된 구역으로, 라벨이 지정된 영역으로도 설명될 수 있다.",40.0,64,"['7c99a1a5af425f3e03ec6e9293b5cb78da96f9b238e269535f3e8f2406f566c41f2cfbb27177b274fd7cf453b319fa1e8c1152dfd3e8f12626d6db19ca63abfb'
 'b526987a256ec83aa4d2e1f2dc7fdf5456ceb4e1d86fd93af24ca7eedbfe0d6da5becef5df136436ee0008acd9301cec23f67924489190d288f44f4e3313b7aa'
 'f7e08c001a5ee1409992755ba5e5b5da850340f6fa9907eb5b75b593271ccda1e1aae79e5d2554129704f5dc4d9252b21a6a9390e60af2c9c0f4103938d62fb7'
 '7c356e38bdef1328d0ba0c83aa148ef294018cda42a39b2c4c71bbb7f5a5c5f4456e28a15f3886bcfd611fd905297300892a789917fc0d89287ea32bed94ab9e'
 '3139d83177384334c171e8dbc781197d1faff57b67af22f58b972c1d8115cd1f43180ea9209afa931e9b9f2651be9b2e62fa075c25bef9fb5dd75304c75c32ae']"
2f4af31d-99b5-4b7b-91cf-b4113b272a6e,1389,평생건강관리센타,접수대,"평생건강관리센타는 접수대를 포함하는 공간으로 구성되어 있으며, 접수대는 이 건강관리센터의 내부에 위치한 주요 시설 중 하나이다. 접수대는 평생건강관리센타의 바닥 평면도와 전체 레이아웃의 일부로 포함되어 있어, 센터 운영에 필요한 안내 및 접수 기능을 담당하는 공간으로 이해된다.",40.0,57,"['7c99a1a5af425f3e03ec6e9293b5cb78da96f9b238e269535f3e8f2406f566c41f2cfbb27177b274fd7cf453b319fa1e8c1152dfd3e8f12626d6db19ca63abfb'
 'b526987a256ec83aa4d2e1f2dc7fdf5456ceb4e1d86fd93af24ca7eedbfe0d6da5becef5df136436ee0008acd9301cec23f67924489190d288f44f4e3313b7aa'
 'f7e08c001a5ee1409992755ba5e5b5da850340f6fa9907eb5b75b593271ccda1e1aae79e5d2554129704f5dc4d9252b21a6a9390e60af2c9c0f4103938d62fb7'
 '7c356e38bdef1328d0ba0c83aa148ef294018cda42a39b2c4c71bbb7f5a5c5f4456e28a15f3886bcfd611fd905297300892a789917fc0d89287ea32bed94ab9e'
 '3139d83177384334c171e8dbc781197d1faff57b67af22f58b972c1d8115cd1f43180ea9209afa931e9b9f2651be9b2e62fa075c25bef9fb5dd75304c75c32ae']"
bb6e70f7-aa5b-455f-8446-3e1ed3263ac2,3415,전등설비,전등/전열용 분전반,"전등설비는 전등/전열용 분전반을 포함하여 구성되며, 해당 분전반을 통해 전등 및 전열 계통에 전원을 분배하는 체계로 설명된다. 제공된 내용에 따르면 전등설비의 사양, 설치, 그리고 시스템 구성 모두에서 전등/전열용 분전반이 핵심 설비로 언급되며, 조명 및 전력 분배 기능을 수행하는 패널이 전등설비의 일부로 포함된다. 따라서 전등설비는 전등/전열용 분전반을 기반으로 전등 및 관련 전력 부하를 효율적으로 관리하는 구조로 이해된다.",35.0,78,"['9bac80ab0b5eb25dde2d9996eb6aed6e56158c1bfdd60d8f34641547da10cf9b8fc0c524081744c4985c59ce56f14fa81d59191b14e096e20ca7b87f28987b0b'
 '91dfd372ab15b681d02ef1be7eb6f92f1337623c75d62e8d945d60a8237da230c158954584a0ab26dfd2db13fc151a4a40dd43de4713fa05d93cb4f825811cf1'
 '91dfd372ab15b681d02ef1be7eb6f92f1337623c75d62e8d945d60a8237da230c158954584a0ab26dfd2db13fc151a4a40dd43de4713fa05d93cb4f825811cf1'
 '0065c804e348148bd17a6ed60054c0f2d844a38fcb42d5afd556b96d823268df0163bfefc849af93fbac28bb4888aeb6c712526221c9e70a73515b8618c18f37']"
d9f68312-05fe-4a7e-a634-c2ae5e201bf9,2483,감독관,건축주,"감독관과 건축주는 설계와 현장 조건이 서로 다를 경우 함께 협의해야 하는 관계로 제시된다. 특히 감독관은 설계 변경이나 시공상의 조정이 필요한 상황에서 건축주와 사전에 협의해야 하며, 위생기구의 사양을 결정할 때에도 건축주와 함께 논의해야 한다. 요약하면, 감독관은 현장 감독과 판단을 담당하고, 건축주는 해당 변경 사항과 사양 결정에 참여하는 당사자로서, 두 사람은 설계 변경 및 위생기구 사양과 관련된 사항을 공동으로 검토하고 조정해야 한다.",35.0,32,"['bc343f6506bea29cba6b6759b777632629a670d2611520c40d3108653589c879cf0fd6fc9a145f8a56a14a2f9204bad035255aff270ed3729effa1390d49b693'
 'fdda621caf46defd241af92edc774429b0abb611a1bf86b588c17b1468b774e3b034b0be3c61de670e47f0ba391b335a928a32c3d0533aa2f9581252d8080780'
 '89633442fa04ef599b8f19bfb50ea78d638a888d3aea81e13eb8f93f67c2017dfbec02ad16ba47917a3016d1f19fe2e3b8811a250f5eca0155635c4f611cb501'
 '9f102d4c911674c5305535887b0ae374bba7ff7239284746c1f6591482d9f5dc029077644d9d5e7b7500867531093771039c047a09960e00feeb7e23c0d853b6']"
77ee9407-15e8-410f-8fbb-2c8b5ce3deae,1390,평생건강관리센타,영역별상담,"평생건강관리센타의 배치도에는 영역별상담 공간이 포함되어 있으며, 이 상담 구역은 평생건강관리센타 내의 기능적 공간으로 표시된다. 여러 설명을 종합하면, 영역별상담은 평생건강관리센타의 전체 평면 구성에 속하는 상담 전용 구역으로 이해할 수 있다. 즉, 평생건강관리센타는 다양한 기능 공간들로 이루어진 시설이며, 그중 영역별상담은 이용자 상담을 담당하는 중요한 구성 요소로 배치되어 있다.",33.0,57,"['7c99a1a5af425f3e03ec6e9293b5cb78da96f9b238e269535f3e8f2406f566c41f2cfbb27177b274fd7cf453b319fa1e8c1152dfd3e8f12626d6db19ca63abfb'
 'b526987a256ec83aa4d2e1f2dc7fdf5456ceb4e1d86fd93af24ca7eedbfe0d6da5becef5df136436ee0008acd9301cec23f67924489190d288f44f4e3313b7aa'
 'f7e08c001a5ee1409992755ba5e5b5da850340f6fa9907eb5b75b593271ccda1e1aae79e5d2554129704f5dc4d9252b21a6a9390e60af2c9c0f4103938d62fb7'
 '3139d83177384334c171e8dbc781197d1faff57b67af22f58b972c1d8115cd1f43180ea9209afa931e9b9f2651be9b2e62fa075c25bef9fb5dd75304c75c32ae']"
1f2db5ab-57f2-439e-8858-d4f7752c4167,2505,4WAY 카세트,R410A,"The 4WAY 카세트 4Way cassette indoor units are listed as using R410A as their refrigerant. Across the provided descriptions, the 4Way cassette unit entries consistently specify R410A, and the 4Way cassette model entry also identifies R410A as the refrigerant. Overall, the available information indicates that the 4WAY 카세트 system uses R410A refrigerant.",33.0,21,"['b8edad6605c10454473933028b041464e414086d54248ccff6c7b7c1936531ac957a04b3afe786427480d733ce391d25fdf588e1941f182351043817f754d5fe'
 'b8edad6605c10454473933028b041464e414086d54248ccff6c7b7c1936531ac957a04b3afe786427480d733ce391d25fdf588e1941f182351043817f754d5fe'
 'c4e8241d320e543f822b05bbba1b8820b5d975c0e22a52e5ce2849efeb6e01344b253dbc0737a8482c579c674a3d6a264057327b22ff30a7fc705a7fc3508c47'
 '8aa57d9bc661a813a0dbd6227ea725af6120bb66cdc82e62ccbbc52e260b2ebd40bc3c010e4d044169fa09681314cb068ca4a0f503402d1f68e3f268b54c56d9']"
d5abaaf4-2cff-489d-b86d-e5f7d6bac656,3417,전등설비,일괄소등스위치,"전등설비는 조명 제어를 위해 일괄소등스위치를 포함하며, 해당 스위치는 설비 내 모든 조명을 한 번에 끌 수 있도록 하는 마스터 조명 차단 장치로 정의된다. 전등설비 관련 사항에서는 이 일괄소등스위치의 사용이 명시적으로 요구되며, 설비 상세 및 노트에서도 동일한 기능의 마스터 소등 스위치가 반복해서 언급된다. 즉, 전등설비는 일괄소등스위치를 적용하여 전체 조명을 통합적으로 제어하고, 필요 시 한 번의 조작으로 모든 조명을 소등할 수 있도록 구성된다.",32.0,81,"['9bac80ab0b5eb25dde2d9996eb6aed6e56158c1bfdd60d8f34641547da10cf9b8fc0c524081744c4985c59ce56f14fa81d59191b14e096e20ca7b87f28987b0b'
 '91dfd372ab15b681d02ef1be7eb6f92f1337623c75d62e8d945d60a8237da230c158954584a0ab26dfd2db13fc151a4a40dd43de4713fa05d93cb4f825811cf1'
 '91dfd372ab15b681d02ef1be7eb6f92f1337623c75d62e8d945d60a8237da230c158954584a0ab26dfd2db13fc151a4a40dd43de4713fa05d93cb4f825811cf1'
 '0065c804e348148bd17a6ed60054c0f2d844a38fcb42d5afd556b96d823268df0163bfefc849af93fbac28bb4888aeb6c712526221c9e70a73515b8618c18f37']"
d7763203-84ae-413e-a680-d47fdc19c8b7,1395,평생건강관리센타,계단형 북카페,"평생건강관리센타에는 계단형 북카페가 포함되어 있으며, 이는 센터의 전체 배치와 평면 계획의 일부로 구성된 특화 편의 공간이다. 계단형 북카페는 평생건강관리센타 내에서 조성된 공간으로, 이용자들이 휴식하거나 책을 접할 수 있는 북카페 기능을 갖춘 계단형 형태의 시설이다. 제공된 설명들에 따르면 이 공간은 건강관리센터의 레이아웃 안에 배치되어 있으며, 평생건강관리센타의 주요 편의시설 중 하나로 계획된 것으로 보인다.",31.0,57,"['7c99a1a5af425f3e03ec6e9293b5cb78da96f9b238e269535f3e8f2406f566c41f2cfbb27177b274fd7cf453b319fa1e8c1152dfd3e8f12626d6db19ca63abfb'
 'b526987a256ec83aa4d2e1f2dc7fdf5456ceb4e1d86fd93af24ca7eedbfe0d6da5becef5df136436ee0008acd9301cec23f67924489190d288f44f4e3313b7aa'
 'f7e08c001a5ee1409992755ba5e5b5da850340f6fa9907eb5b75b593271ccda1e1aae79e5d2554129704f5dc4d9252b21a6a9390e60af2c9c0f4103938d62fb7'
 '7c356e38bdef1328d0ba0c83aa148ef294018cda42a39b2c4c71bbb7f5a5c5f4456e28a15f3886bcfd611fd905297300892a789917fc0d89287ea32bed94ab9e'
 '3139d83177384334c171e8dbc781197d1faff57b67af22f58b972c1d8115cd1f43180ea9209afa931e9b9f2651be9b2e62fa075c25bef9fb5dd75304c75c32ae']"
813af40b-7157-4e92-9922-35dce9268e57,1183,HWR,HWS,"HWR and HWS are paired labels used in a hot-water piping system to distinguish the two complementary lines that serve the same circuit. Specifically, HWR denotes the hot-water return line, while HWS denotes the corresponding hot-water supply line. Together, these labels identify the return/supply pair within a larger piping arrangement, commonly described as part of a 4-pipe system where both return and supply paths are routed alongside other flows. In this context, HWR and HWS are treated as matching identifiers that refer to connected lines of the same system, ensuring clarity when labeling, organizing, or documenting the hot-water distribution and return components.",31.0,24,"['ea46d78299386e70987faad635a8251de51a5051101267cc17757bed914b2b09b49c153c399841552a56b5af317729a6cd06b431cf9c84cceca5375f60166113'
 'd04cde5e0e4d4fbaa5c4c24228c785059adaf26f33c94379253ce173e61a75af9150b154a0151dbe52946972226290b8d6478e85141f4114d0e5ffc5fa3d1c3c'
 '3d1649792aa024aa6d4e2332be8fa12e9e795def70376317dc9c8fda778adb6d88149d8ad613e4232ca342950d732757987eae976ec416da038469ca733afad2'
 'dd522399f40e2aa56aaf2760f1968af051e0424c22e36318b28b62ffe04e55bd3bc4927c01ea595a2dddf5caee404937fa4aae6ee6e18fff9b3c79c05528277d']"
42e44205-d474-4116-baa6-47a2000653ca,4133,GHD-01,GHD-02,"GHD-01 and GHD-02 are paired geothermal headers that function together in the same geothermal piping and source supply/return system. GHD-01 and GHD-02 serve as the supply and return headers of the geothermal system, forming a matched set that manages circulation within the geothermal source loop. Together, they provide the primary header connection for distributing and collecting geothermal fluid in the system.",30.0,10,"['b4a7f3673c8b7908337ae3aa54df460c94c0d7d9843365ef671d2d4e34490224604403ff1f331a09779dc99faa3f14473108ce95861369d8356d863eb2b0f94f'
 'b4a7f3673c8b7908337ae3aa54df460c94c0d7d9843365ef671d2d4e34490224604403ff1f331a09779dc99faa3f14473108ce95861369d8356d863eb2b0f94f'
 '68de174c79a7e2c32f07c13cec0d74fca4b7ab612d491888481224e61d778cf1582d16f5f3add49ebdb972fdac7fe9d431108aba0fdf0a6ea4611cc5db3cf125'
 '68de174c79a7e2c32f07c13cec0d74fca4b7ab612d491888481224e61d778cf1582d16f5f3add49ebdb972fdac7fe9d431108aba0fdf0a6ea4611cc5db3cf125']"
da7d6b30-450c-42c8-9e64-3c945b010ad9,291,APPROVED,승인,"APPROVED and 승인 refer to the same approval-related label in the drawing metadata and title block. APPROVED is the English label for the Korean approval field 승인, and it corresponds to the approval role label used in the title block. In this context, Approved serves as the English representation of the 승인 role or approval field, providing a consistent label for approval information across the metadata and drawing documentation.",30.0,21,"['98bb812c7399f7f40e64d02dc76e3daf85ccc726a52d5cef51164dd802dcd264a40f6839fe122cb0eec03655fb117054d495c1b0fa7fa045d29ae18bac76d62d'
 '229d2e11875d92dbad3f676fcbfc69f961b2a17dcdd52e7a4ef459d8cded631e3355eacf5ae7f45c7716ad6224f2890026bc0b9be0c2a72a31e3c5ecc23fe469'
 '0aebb5431aa736431cb1ce336aedf580cca23865a6923bad9be8aebb83a8566109eb0084d122d07b8e3d746277fe1b7fcf2f439bcd766915fee3983a5f4e3de7'
 'bc343f6506bea29cba6b6759b777632629a670d2611520c40d3108653589c879cf0fd6fc9a145f8a56a14a2f9204bad035255aff270ed3729effa1390d49b693']"
dabac58a-f6a6-4256-a683-f227c8d8a531,3679,모듈,253W*24EA,"The **모듈** and **253W*24EA** refer to a module set composed of **24 modules**, each rated at **253 W**. Across the descriptions, the system is consistently described as using **24 units/modules at 253W per unit**, indicating a single coherent configuration with no contradictions. This means the overall setup represents a 24-module arrangement, with each module contributing 253 watts of capacity, for a total combined rated output of **6,072 W**.",29.0,15,"['8324412be55cdfc18eb392c6a3fa9d356eb912284d3e3bc5df532c3a830bfaa6e787f7d5881a044927e944f1ea98bdb5d588983444a1fe0d71da2a22a4d4582f'
 '31a636686061c24d2cfa9434eb7c2849833f368e4ece48eafe4ff9da90f5a0dd16ee2bf78cfe84810cece575e4c26e9dcf11286e8b441c9588341ff46f6afa58'
 '4ece64191b77b8a3b85a93790072bbfc587210f0eee8fd3318a314d2decf2dd3d9b7fa80a2d6fcbbe1ad99ce7dd5d8d40a5f48429ece031092e7c8299b59f01f']"
9b89b230-4084-402f-863c-24cff8e86f82,1401,외벽 단열재,THK.55 경질우레탄보온판,"외벽 단열재는 **THK.55 경질우레탄보온판**으로 지정되어 있으며, 두께 55mm의 **경질 우레탄 단열재**를 사용하는 것으로 설명된다. 또한 외벽 단열재는 **THK.55 rigid polyurethane insulation board** 또는 **THK.55 rigid urethane insulation board**로도 명시되어 있어, 동일한 자재를 가리키는 표현으로 이해된다. 즉, 해당 외벽 단열재는 55mm 두께의 경질 폴리우레탄/우레탄 계열 보온판으로 구성된다.",29.0,7,"['7c99a1a5af425f3e03ec6e9293b5cb78da96f9b238e269535f3e8f2406f566c41f2cfbb27177b274fd7cf453b319fa1e8c1152dfd3e8f12626d6db19ca63abfb'
 '899065b730a41089d5b41499c8f349bb6d65db4be9f9a0c010c21a8ca384ac6a21c6cf11f453a619914d5649200e472a3765d202be68a03eeab04e7909b48a4b'
 'ae7902d07cbff2a25a54a1fc2398b050c40aeb4685f37c88f731863bc8052565104f4aa09ca3d64a7b7c6bb8823b3eeb8ad3586a8ec06b9ac35183f53fe05bb0']"
7b0f2247-9bf1-4699-8ead-42d84f0a3043,1418,지상4층 평면도,옥상휴게 마당,"지상4층 평면도에는 옥상휴게 마당이 배치되어 있으며, 해당 공간은 4층 평면도에서 명확히 표기된 구역으로 표시된다. 지상4층 평면도는 옥상휴게 마당을 레이블이 붙은 공간으로 참조하고 있어, 이 영역이 4층 계획 내에서 중요한 휴게 공간으로 포함되어 있음을 보여준다.",28.0,30,"['b5e78035484ad3d17a0c3ce0737228801dce7f4637353e1a07d03968fe5cda3da95164c7e04bcca74c0d7ddca825a719b7447af5b487fdfd3a09c5fbbc08e2e5'
 'b5e78035484ad3d17a0c3ce0737228801dce7f4637353e1a07d03968fe5cda3da95164c7e04bcca74c0d7ddca825a719b7447af5b487fdfd3a09c5fbbc08e2e5'
 '4ece64191b77b8a3b85a93790072bbfc587210f0eee8fd3318a314d2decf2dd3d9b7fa80a2d6fcbbe1ad99ce7dd5d8d40a5f48429ece031092e7c8299b59f01f'
 '4ece64191b77b8a3b85a93790072bbfc587210f0eee8fd3318a314d2decf2dd3d9b7fa80a2d6fcbbe1ad99ce7dd5d8d40a5f48429ece031092e7c8299b59f01f']"
d0594a8e-dc4e-45a6-a0cb-9831260f164d,561,84㎡형 단위세대 평면도 (확장형),ELEV.홀,"The floor plan for the 84㎡형 단위세대 평면도 (확장형) includes an ELEV.홀, also described as an elevator hall or elevator hall area, as one of its spaces. This feature is part of the overall unit layout and provides a dedicated area associated with elevator access within the extended 84㎡ unit plan.",27.0,83,"['7c75dac995b41c0c216a19a3233ecda78c425b3f118ca33de2b2c96d8d3a529176f5f835629f31ae58f92a5f6dcdecb66a07065850ee78ebeec8d59cc3115a1e'
 '4a15db4d3a26173cd9a43087b3dfe04d7cda07475c805d68e2d9863bb935a99950089d5b25f0a8e10a601b9982c508dd6683010cef1b5a6f7c6b04b734fb721b'
 'f8661bb204d1dc3f40e6dc891ca46e52fdb583b2387d63efe49e7c54002ebf7b1325070d2e7a652afd2a30f314993f120f5eb1c40bf14eac7595434ee0e45706']"
0510b342-8b0b-44dc-8003-719bbf217108,428,APPROVED,ARCHITECT,"The drawing metadata includes both **APPROVED** and **ARCHITECT** as title-block fields tied to the architectural document workflow. These fields represent sign-off and responsibility roles within the same drawing metadata, indicating design review, approval, and architectural accountability for the document. The **APPROVED** field functions as an approval label or sign-off indicator, while **ARCHITECT** identifies the architect role or architectural responsibility associated with the drawing. Together, **APPROVED** and **ARCHITECT** are part of the title block and are used to track review, authorization, and workflow status for the design document.",27.0,25,"['33a5da43960950671fb9a31113d36a644ca040c02276bbbc9e983341af1cc68488791a369f4c37a37dc12b6e73e9457722e62251e4d5d60441870e69bd968f56'
 'c98fc1778bb47fbc08fc495856a348beeb34ac02c74912b172b5ef5a5255398648b80b4839207022b787b48d5fe5f5093a589afa2a1b9f5d46624fb9c8afd69d'
 '30c9df4bcc1997151e3f6b1bcc705fb8f3be663dc33aef48e58ad494aed8fbe39f805b71c8f48cbbd89f0ca52f85794b76a3b23b9a5c10ba11a4ac5e5bc247c9'
 '30c9df4bcc1997151e3f6b1bcc705fb8f3be663dc33aef48e58ad494aed8fbe39f805b71c8f48cbbd89f0ca52f85794b76a3b23b9a5c10ba11a4ac5e5bc247c9'
 'd3dcd31fb8a3d5d2d166b055285e18be23a781c0fe255ed687e94cd87ccb3ae6c5b0b6f4dc24f2ad2309560d7664fee35c43344a67ca12da28d6bfbaee596c6d'
 '3c985f42e4df4ead772818394b21d5bb87434692540909863f6f60d0873ea99cf15bb80283f771ec5c296e8550e73210a3c9e5aa1aeb2ea56570991ac060992d'
 '03d47bfa2f6390b7c0f1e992e92361245bd9bd63ecb2fe3b33993061359d69605cea1c03e9b3f7380ce7fa14c59254b5081a3aba3865804d3fcba98f551f7cbf'
 '50e8d116070ea834581f7288aa835d71a75f73be6edf76beb46bdf0d2a2f360998bba1a9f66564b4771ce4960e611b5085b918cf097314e0818ca4ec1b963be8']"
88b675fd-f713-45e8-8362-0bfbf1a78174,3667,3S분전함,수배전반,"3S분전함 and 수배전반 are connected within the electrical distribution system. According to the cable schedule, the 3S분전함 distribution box is linked to the 수배전반 switchgear/distribution panel, with the connection made through outgoing feeder lines. The documented cable run shows the 3S분전함 feeding into the 수배전반, indicating that the 3S분전함 serves as a distribution point supplying power to the switchgear/distribution board.",26.0,24,"['8324412be55cdfc18eb392c6a3fa9d356eb912284d3e3bc5df532c3a830bfaa6e787f7d5881a044927e944f1ea98bdb5d588983444a1fe0d71da2a22a4d4582f'
 '8324412be55cdfc18eb392c6a3fa9d356eb912284d3e3bc5df532c3a830bfaa6e787f7d5881a044927e944f1ea98bdb5d588983444a1fe0d71da2a22a4d4582f'
 '31a636686061c24d2cfa9434eb7c2849833f368e4ece48eafe4ff9da90f5a0dd16ee2bf78cfe84810cece575e4c26e9dcf11286e8b441c9588341ff46f6afa58']"
fd7e9521-fddf-40d4-995a-033215630400,3442,일괄소등스위치,전기용품 안전인증 제품,"일괄소등스위치는 전기용품 안전인증 제품을 사용해야 하며, 해당 스위치는 반드시 전기적 안전 기준에 따라 인증을 받은 제품이어야 한다. 제공된 설명들에 따르면, 일괄소등스위치, 즉 전체 조명을 한 번에 끄는 마스터 오프 스위치는 전기안전 인증이 확인된 제품으로 구성되어야 한다. 이는 설치 또는 사양 노트에서 명시된 요구사항으로, 해당 스위치의 안전성과 적합성을 보장하기 위한 조건이다.",26.0,13,"['9bac80ab0b5eb25dde2d9996eb6aed6e56158c1bfdd60d8f34641547da10cf9b8fc0c524081744c4985c59ce56f14fa81d59191b14e096e20ca7b87f28987b0b'
 'ad9fcb83162f25fca702327d1bba69ac48b5100563f64fdf29566b784b6b65fd672916f9808390b88356953e13abb3397dd73fd2cb31ea400cc377df84eb5708'
 '0065c804e348148bd17a6ed60054c0f2d844a38fcb42d5afd556b96d823268df0163bfefc849af93fbac28bb4888aeb6c712526221c9e70a73515b8618c18f37']"
3b675173-8eff-451a-90c9-5998c7a604f7,310,방습층,단열재,"방습층과 단열재는 건축물의 열·습기 관리에서 함께 중요한 역할을 하며, 방습층은 단열재의 실내측, 즉 내부 쪽에 설치되어야 한다. 방습층은 단열재와의 관계에서 실내측에 배치되며, 이때 이음부는 기밀하게, 즉 틈이 생기지 않도록 철저히 밀봉되어야 한다. 이렇게 방습층을 단열재의 내부 쪽에 정확히 설치하고 접합부를 꼼꼼히 처리함으로써, 실내의 수증기가 단열재 내부로 침투하는 것을 방지하고 결로 및 성능 저하를 줄일 수 있다.",26.0,18,"['8c8310ed8af7b5f69679ca96db5cd38404b1d2ff3f2e72b803bbc74d022a498b686ce83878e70b879dae6fe541f3b81197acd716321691e538c5d07a875ac978'
 '0af2793d1d774d4382e14a1339979d36e4516c9d8e4de15953e9d11c4a626ea6c6530adfa5c5df2d922e2773e5b77024af218243f8787cd9bf89086b0ce7ca69'
 '12b27de97945ae96b60b006ccff887a1498f01afe7ad400ec0c91cee27a2ed48cc2ca84481e5b746a9b755e0dbfda469c3c973071d19abbcf8e5ff2e4055062e']"
28ce15cc-6ed0-4b35-855f-2b5937103b5e,1458,OPEN TRENCH,콩자갈깔기,"OPEN TRENCH and 콩자갈깔기 refer to an open trench section that is finished with pebble gravel inside. The descriptions consistently indicate that the OPEN TRENCH interior is to be filled or lined with pebble gravel bedding, and that 콩자갈깔기 is the applicable treatment applied within the open trench. In this context, the open trench is not left empty; instead, it is specified to receive pebble gravel installation throughout its interior, providing the designated bedding or fill layer.",26.0,12,"['b5e78035484ad3d17a0c3ce0737228801dce7f4637353e1a07d03968fe5cda3da95164c7e04bcca74c0d7ddca825a719b7447af5b487fdfd3a09c5fbbc08e2e5'
 'ae7902d07cbff2a25a54a1fc2398b050c40aeb4685f37c88f731863bc8052565104f4aa09ca3d64a7b7c6bb8823b3eeb8ad3586a8ec06b9ac35183f53fe05bb0'
 '989b19c1dc0fceed4e72dfe452b92a6058a49dc182345481fd47382b893f301c48971dc7f9acaa34d56dc25b05927d7178941973f3deec41794f6b35d6cc6c2f']"
7fdff83e-d549-4aed-bf5d-1fdd97f77f6f,564,84㎡형 단위세대 평면도 (확장형),P.D,"The 84㎡형 단위세대 평면도 (확장형) includes multiple P.D (pipe duct) locations marked throughout the layout. These P.D-labeled spaces indicate utility duct positions within the floor plan, showing where pipe and service shafts are placed to support the unit’s mechanical and plumbing infrastructure. The repeated labeling of P.D areas suggests several distributed duct points rather than a single centralized location, helping define the internal utility routing and service access within the expanded 84㎡ unit.",25.0,90,"['7c75dac995b41c0c216a19a3233ecda78c425b3f118ca33de2b2c96d8d3a529176f5f835629f31ae58f92a5f6dcdecb66a07065850ee78ebeec8d59cc3115a1e'
 '4a15db4d3a26173cd9a43087b3dfe04d7cda07475c805d68e2d9863bb935a99950089d5b25f0a8e10a601b9982c508dd6683010cef1b5a6f7c6b04b734fb721b'
 'f8661bb204d1dc3f40e6dc891ca46e52fdb583b2387d63efe49e7c54002ebf7b1325070d2e7a652afd2a30f314993f120f5eb1c40bf14eac7595434ee0e45706']"
fb3749e9-65bd-4676-aa60-9e4a1fc491e1,1393,평생건강관리센타,신체계측,"평생건강관리센타는 신체계측을 포함하는 공간과 프로그램으로 구성되어 있다. 신체계측 영역은 평생건강관리센타의 층 평면도와 레이아웃에 포함된 구역이며, 평생건강관리센타 프로그램의 일부로 운영된다. 따라서 신체계측은 평생건강관리센타 내에서 건강 관리를 위한 핵심 구성 요소로 자리하며, 센타의 전반적인 배치와 서비스 흐름 속에 통합되어 있다.",25.0,57,"['7c99a1a5af425f3e03ec6e9293b5cb78da96f9b238e269535f3e8f2406f566c41f2cfbb27177b274fd7cf453b319fa1e8c1152dfd3e8f12626d6db19ca63abfb'
 'f7e08c001a5ee1409992755ba5e5b5da850340f6fa9907eb5b75b593271ccda1e1aae79e5d2554129704f5dc4d9252b21a6a9390e60af2c9c0f4103938d62fb7'
 '3139d83177384334c171e8dbc781197d1faff57b67af22f58b972c1d8115cd1f43180ea9209afa931e9b9f2651be9b2e62fa075c25bef9fb5dd75304c75c32ae']"
af40431b-6114-46fc-8fd1-9500a6a70f33,2603,평생건강관리센타,체력측정,"평생건강관리센타의 체력측정 구역은 해당 센터의 전체 배치도와 평면 구성에 포함된 공간으로, 센터 내에서 신체 상태와 체력을 측정하는 기능을 담당하는 영역이다. 여러 설명에 따르면 체력측정은 평생건강관리센타의 레이아웃 일부로 일관되게 배치되어 있으며, 평생건강관리센타 이용자들이 체력 평가를 받을 수 있도록 마련된 구역이다.",25.0,57,"['b526987a256ec83aa4d2e1f2dc7fdf5456ceb4e1d86fd93af24ca7eedbfe0d6da5becef5df136436ee0008acd9301cec23f67924489190d288f44f4e3313b7aa'
 'f7e08c001a5ee1409992755ba5e5b5da850340f6fa9907eb5b75b593271ccda1e1aae79e5d2554129704f5dc4d9252b21a6a9390e60af2c9c0f4103938d62fb7'
 '3139d83177384334c171e8dbc781197d1faff57b67af22f58b972c1d8115cd1f43180ea9209afa931e9b9f2651be9b2e62fa075c25bef9fb5dd75304c75c32ae']"
4e91e213-b18f-42bd-8a57-d948d7d62621,1725,A-052,A-051,"A-052 and A-051 are referenced together in relation to waterproofing documentation and requirements. A-052 is identified as the waterproofing plan reference, and it is specifically cited as the document to refer to for the waterproofing plan. A-051 is identified as the basis for designated waterproofing work, meaning that all designated waterproofing should follow A-051. In summary, A-052 serves as the primary plan reference, while A-051 provides the governing basis for the designated waterproofing work, and both are noted as relevant references for waterproofing plans.",25.0,26,"['0b8d281347082a40b3251082eebb9eca5ec50c42f36e1e40041dd6b95812d44205beec073ea5cf813328dfc8a0e152a31bc6e2f2a508d819a3f29e5c252c1774'
 '34c867c56d77bc041edbe349b8a6bb441f6ddb7011853a7e2e1a5ddc81b5160956e37d0e6e21d0f5576854da02c5ea0d15960fc7c7405a9b5b50d6e241f4bede'
 '34c867c56d77bc041edbe349b8a6bb441f6ddb7011853a7e2e1a5ddc81b5160956e37d0e6e21d0f5576854da02c5ea0d15960fc7c7405a9b5b50d6e241f4bede']"
e52ccf28-ac52-456f-861e-8c6fadbcb116,2602,평생건강관리센타,기초검진,"평생건강관리센타는 기초검진을 포함한 공간으로 구성되어 있으며, 기초검진 구역은 평생건강관리센타의 층별 배치와 전체 레이아웃의 일부로 자리하고 있다. 즉, 기초검진은 평생건강관리센타 내에서 운영되는 기본 검사 영역으로, 해당 센터의 공간 구성에 포함된 요소이다.",25.0,57,"['b526987a256ec83aa4d2e1f2dc7fdf5456ceb4e1d86fd93af24ca7eedbfe0d6da5becef5df136436ee0008acd9301cec23f67924489190d288f44f4e3313b7aa'
 'f7e08c001a5ee1409992755ba5e5b5da850340f6fa9907eb5b75b593271ccda1e1aae79e5d2554129704f5dc4d9252b21a6a9390e60af2c9c0f4103938d62fb7'
 '3139d83177384334c171e8dbc781197d1faff57b67af22f58b972c1d8115cd1f43180ea9209afa931e9b9f2651be9b2e62fa075c25bef9fb5dd75304c75c32ae']"
ec9c7361-96cc-4369-af15-64c770d68711,2504,4WAY 카세트,TURBO FAN,"The 4WAY 카세트 and TURBO FAN refer to a 4-way cassette unit configuration in which the fan type is specified as Turbo Fan. Across the provided descriptions, the 4WAY 카세트 model is consistently identified as using a Turbo Fan system, and the unit entries likewise list Turbo Fan as the fan type. This indicates that the 4WAY 카세트 is equipped with or associated with a Turbo Fan design, with no contradictions among the descriptions.",25.0,11,"['b8edad6605c10454473933028b041464e414086d54248ccff6c7b7c1936531ac957a04b3afe786427480d733ce391d25fdf588e1941f182351043817f754d5fe'
 'b8edad6605c10454473933028b041464e414086d54248ccff6c7b7c1936531ac957a04b3afe786427480d733ce391d25fdf588e1941f182351043817f754d5fe'
 'c4e8241d320e543f822b05bbba1b8820b5d975c0e22a52e5ce2849efeb6e01344b253dbc0737a8482c579c674a3d6a264057327b22ff30a7fc705a7fc3508c47']"
f7b6211f-9a30-4377-b88f-eae932a4e1ae,2500,GHP,R410A,"GHP equipment is specified to use R410A as its refrigerant. Across the technical descriptions, GHP units consistently list R410A among their equipment specifications, indicating that R410A is the designated refrigerant associated with the GHP system.",24.0,39,"['b8edad6605c10454473933028b041464e414086d54248ccff6c7b7c1936531ac957a04b3afe786427480d733ce391d25fdf588e1941f182351043817f754d5fe'
 'b8edad6605c10454473933028b041464e414086d54248ccff6c7b7c1936531ac957a04b3afe786427480d733ce391d25fdf588e1941f182351043817f754d5fe'
 'b526987a256ec83aa4d2e1f2dc7fdf5456ceb4e1d86fd93af24ca7eedbfe0d6da5becef5df136436ee0008acd9301cec23f67924489190d288f44f4e3313b7aa']"
af4474a5-192a-46cc-995f-eac210a48d29,157,107동,공동주택 신축공사,"107동은 공동주택 신축공사에 포함된 건물 중 하나로, 해당 신축 아파트 프로젝트의 도면에 나타나는 동(棟)이다. 이 건물은 공동주택 신축공사 범위 안에서 계획·표현된 구성 요소이며, 도면상에서 프로젝트의 일부로 확인된다. 따라서 107동은 공동주택 신축공사의 전체 계획에 속하는 개별 동으로서, 신축 아파트 단지의 한 부분을 이루는 건물이다.",24.0,75,"['da15cb707a59121be887560c7808c1df51e6d3f1e95dbfe0dce3634a832a4931878af3f4b5536a307ae910cc1cbe99616412fee73a632d426b387ad61312bace'
 'f8db7248021e80846985caa71f205b19e40d5e89a583960869f0a9415a6a56e8b7fbf0948358a53978dfa0ac3ce3cd3660964ec2a7cfb1daca391d4b8ec72175'
 '9f5fb8c039cba31d46690f646b840681193811898b63abb3ef9bee31afd2cdc3eef6e14c8d972d9d6e2dd6b2b4b85b0cf1913418d215490a37558db70cc17e0a']"
d68214d7-824a-44ed-b1c7-a10e122776d1,2144,열관류율 계산결과,적용열관류율,"열관류율 계산결과와 적용열관류율은 계산 결과 항목에서 함께 다루어지며, 해당 섹션에는 적용된 열관류율 값이 포함된다. 이 계산 결과는 적용열관류율을 명시하고, 비교를 위해 적용열관류율 값을 함께 제시하는 형태로 구성된다. 즉, 열관류율 계산결과는 적용열관류율을 보고하고 비교할 수 있도록 제공하는 내용으로 요약할 수 있다.",24.0,10,"['dd84d905a16dd06ea916816b64c9836d01905d94c5e26a0403fc312e72b94bd644e9713d4fb8fb15b685959cf4b9cc3ebdfa5c3eef21777f03ee4ea6393280ad'
 '49669c95d2e2115aaabc2b97a77f59be0f535bf28294f60209b71f4ac8ded95269b71506be5f71028807b22aa07c01a1561c48cb6c315905fc02a1c4f7cf56ed'
 '12b27de97945ae96b60b006ccff887a1498f01afe7ad400ec0c91cee27a2ed48cc2ca84481e5b746a9b755e0dbfda469c3c973071d19abbcf8e5ff2e4055062e']"
d8ef65b4-5b0d-4649-8f01-61fd38728e56,1397,평생건강관리센타,공용부,"평생건강관리센타의 공용부는 해당 시설의 평면 및 배치도에 포함된 공유 실내 동선 공간으로, 건물 내부에서 여러 구역을 연결하고 이용자들이 함께 사용하는 영역이다. 이는 평생건강관리센타의 전체 레이아웃의 일부로서, 내부 순환과 접근성을 지원하는 공용 공간을 의미한다.",24.0,75,"['7c99a1a5af425f3e03ec6e9293b5cb78da96f9b238e269535f3e8f2406f566c41f2cfbb27177b274fd7cf453b319fa1e8c1152dfd3e8f12626d6db19ca63abfb'
 'b526987a256ec83aa4d2e1f2dc7fdf5456ceb4e1d86fd93af24ca7eedbfe0d6da5becef5df136436ee0008acd9301cec23f67924489190d288f44f4e3313b7aa'
 'f7e08c001a5ee1409992755ba5e5b5da850340f6fa9907eb5b75b593271ccda1e1aae79e5d2554129704f5dc4d9252b21a6a9390e60af2c9c0f4103938d62fb7']"
1f2cc3ec-d07d-474e-ac33-ffd76d70b977,2625,평생건강관리센타,휴게공간,"평생건강관리센타에는 휴게공간이 포함되어 있으며, 이 휴게공간은 센타의 층별 평면도에 표시된 실내 공간 중 하나로 구성되어 있다. 제공된 설명들에 따르면, 휴게공간은 평생건강관리센타 내의 공간 배치 일부로서 이용자들이 머물거나 쉬어갈 수 있도록 마련된 구역이며, 평생건강관리센타의 전체 공간 구성 안에서 하나의 방 또는 구역으로 분류된다.",24.0,61,"['f7e08c001a5ee1409992755ba5e5b5da850340f6fa9907eb5b75b593271ccda1e1aae79e5d2554129704f5dc4d9252b21a6a9390e60af2c9c0f4103938d62fb7'
 '7c356e38bdef1328d0ba0c83aa148ef294018cda42a39b2c4c71bbb7f5a5c5f4456e28a15f3886bcfd611fd905297300892a789917fc0d89287ea32bed94ab9e'
 '3139d83177384334c171e8dbc781197d1faff57b67af22f58b972c1d8115cd1f43180ea9209afa931e9b9f2651be9b2e62fa075c25bef9fb5dd75304c75c32ae']"
8af750d3-d7ad-4643-a696-983a48a81747,2145,열관류율 계산결과,기준열관류율,"열관류율 계산결과는 적용된 열관류율을 기준열관류율과 비교하여, 해당 값이 기준을 충족하는지 평가하는 내용을 담고 있다. 이 항목에는 준수 여부를 판단하기 위한 기준열관류율의 임계값이 함께 제시되며, 계산 결과를 통해 표준 열관류율 한도와의 비교가 이루어진다. 즉, 열관류율 계산결과는 기준열관류율에 대한 비교 기준과 함께 보고되어, 성능이 규정된 기준에 적합한지 확인할 수 있도록 구성되어 있다.",24.0,10,"['dd84d905a16dd06ea916816b64c9836d01905d94c5e26a0403fc312e72b94bd644e9713d4fb8fb15b685959cf4b9cc3ebdfa5c3eef21777f03ee4ea6393280ad'
 '49669c95d2e2115aaabc2b97a77f59be0f535bf28294f60209b71f4ac8ded95269b71506be5f71028807b22aa07c01a1561c48cb6c315905fc02a1c4f7cf56ed'
 '12b27de97945ae96b60b006ccff887a1498f01afe7ad400ec0c91cee27a2ed48cc2ca84481e5b746a9b755e0dbfda469c3c973071d19abbcf8e5ff2e4055062e']"
37fbc39f-cfbe-4808-864d-91ddf8ec1aa4,3432,전등설비,"HFIX 2.5SQ X4, E-2.5SQ (22C)","전등설비는 조명 시스템 및 조명 설비 항목에서 관리되는 설비로, 해당 배선 사양인 **HFIX 2.5SQ X4, E-2.5SQ (22C)**를 사용한다. 여러 설명에서 공통적으로 이 배선 규격이 전등설비의 조명 설치 및 조명 설비 섹션에 포함되어 있으며, 조명 시스템용 배선 사양으로 기재되어 있음을 보여준다. 따라서 **전등설비**는 **HFIX 2.5SQ X4, E-2.5SQ (22C)** 배선을 적용한 조명용 전기 설비로 요약할 수 있다.",23.0,71,"['9bac80ab0b5eb25dde2d9996eb6aed6e56158c1bfdd60d8f34641547da10cf9b8fc0c524081744c4985c59ce56f14fa81d59191b14e096e20ca7b87f28987b0b'
 'ad9fcb83162f25fca702327d1bba69ac48b5100563f64fdf29566b784b6b65fd672916f9808390b88356953e13abb3397dd73fd2cb31ea400cc377df84eb5708'
 '91dfd372ab15b681d02ef1be7eb6f92f1337623c75d62e8d945d60a8237da230c158954584a0ab26dfd2db13fc151a4a40dd43de4713fa05d93cb4f825811cf1']"
be975a02-7974-472a-830f-06d294a21aca,3433,전등설비,"HFIX 2.5SQ X5, E-2.5SQ (22C)","전등설비에는 **HFIX 2.5SQ X5, E-2.5SQ (22C)** 배선 규격이 적용되어 있으며, 이 배선 사양은 조명 시스템, 조명 설비 항목, 그리고 전등 설치 전반에 걸쳐 사용되는 것으로 기록되어 있다. 즉, **전등설비**는 해당 **HFIX 2.5SQ X5, E-2.5SQ (22C)** 배선을 사용하는 조명 배선 구성으로 정리되며, 조명용 배선 사양이 전등 설비의 주요 전기 규격으로 반영되어 있다.",23.0,71,"['9bac80ab0b5eb25dde2d9996eb6aed6e56158c1bfdd60d8f34641547da10cf9b8fc0c524081744c4985c59ce56f14fa81d59191b14e096e20ca7b87f28987b0b'
 'ad9fcb83162f25fca702327d1bba69ac48b5100563f64fdf29566b784b6b65fd672916f9808390b88356953e13abb3397dd73fd2cb31ea400cc377df84eb5708'
 '91dfd372ab15b681d02ef1be7eb6f92f1337623c75d62e8d945d60a8237da230c158954584a0ab26dfd2db13fc151a4a40dd43de4713fa05d93cb4f825811cf1']"
10b0f362-313b-441b-8878-e3d71ae04cce,3435,전등설비,"HFIX 2.5SQ X7, E-2.5SQ (28C)","전등설비는 조명 시스템에 적용되는 설비로, 해당 조명 설비 구간에서 **HFIX 2.5SQ X7, E-2.5SQ (28C)** 규격의 배선을 사용하는 것으로 정리된다. 이 배선 규격은 전등설비의 조명 설치 및 관련 회로에 사용되며, 전등설비의 조명 시스템 내 배선 사양으로 명시되어 있다.",23.0,71,"['9bac80ab0b5eb25dde2d9996eb6aed6e56158c1bfdd60d8f34641547da10cf9b8fc0c524081744c4985c59ce56f14fa81d59191b14e096e20ca7b87f28987b0b'
 'ad9fcb83162f25fca702327d1bba69ac48b5100563f64fdf29566b784b6b65fd672916f9808390b88356953e13abb3397dd73fd2cb31ea400cc377df84eb5708'
 '91dfd372ab15b681d02ef1be7eb6f92f1337623c75d62e8d945d60a8237da230c158954584a0ab26dfd2db13fc151a4a40dd43de4713fa05d93cb4f825811cf1']"
0a0e6775-9612-4dbc-b6d3-7b80ab79df11,294,DRAWN,담당,"DRAWN is the English label for the Korean person-in-charge field, referred to as 담당, and it identifies the person-in-charge role in a title block. In this context, DRAWN serves as the English equivalent used to represent the 담당 field, indicating who is responsible for the drawing or related document entry.",23.0,25,"['98bb812c7399f7f40e64d02dc76e3daf85ccc726a52d5cef51164dd802dcd264a40f6839fe122cb0eec03655fb117054d495c1b0fa7fa045d29ae18bac76d62d'
 '0aebb5431aa736431cb1ce336aedf580cca23865a6923bad9be8aebb83a8566109eb0084d122d07b8e3d746277fe1b7fcf2f439bcd766915fee3983a5f4e3de7'
 'bc343f6506bea29cba6b6759b777632629a670d2611520c40d3108653589c879cf0fd6fc9a145f8a56a14a2f9204bad035255aff270ed3729effa1390d49b693']"
1bf83052-c948-4a16-954a-6ee8933464d6,3436,전등설비,"HFIX 2.5SQ X8, E-2.5SQ (28C)","전등설비에는 **HFIX 2.5SQ X8, E-2.5SQ (28C)** 배선 사양이 적용되어 있다. 이 배선 규격은 전등설비의 조명 시스템 및 전등설비 섹션에 명시되어 있으며, 해당 조명 설치에 사용되는 전선 사양으로 기록되어 있다. 즉, **전등설비**는 **HFIX 2.5SQ X8, E-2.5SQ (28C)**를 사용하는 조명 배선 구성을 갖추고 있다.",23.0,71,"['9bac80ab0b5eb25dde2d9996eb6aed6e56158c1bfdd60d8f34641547da10cf9b8fc0c524081744c4985c59ce56f14fa81d59191b14e096e20ca7b87f28987b0b'
 'ad9fcb83162f25fca702327d1bba69ac48b5100563f64fdf29566b784b6b65fd672916f9808390b88356953e13abb3397dd73fd2cb31ea400cc377df84eb5708'
 '91dfd372ab15b681d02ef1be7eb6f92f1337623c75d62e8d945d60a8237da230c158954584a0ab26dfd2db13fc151a4a40dd43de4713fa05d93cb4f825811cf1']"
e744d4c3-1a4b-4c66-869e-2f7321634a70,3434,전등설비,"HFIX 2.5SQ X6, E-2.5SQ (28C)","전등설비에는 **HFIX 2.5SQ X6, E-2.5SQ (28C)** 배선 사양이 적용되어 있다. 이 사양은 전등설비의 조명 시스템 및 조명 설비 항목에 명시되어 있으며, 해당 조명 설치에 사용되는 배선 규격으로 확인된다. 즉, **전등설비**는 **HFIX 2.5SQ X6, E-2.5SQ (28C)** 와이어링을 사용하는 조명용 전기 설비로 구성되어 있다.",23.0,71,"['9bac80ab0b5eb25dde2d9996eb6aed6e56158c1bfdd60d8f34641547da10cf9b8fc0c524081744c4985c59ce56f14fa81d59191b14e096e20ca7b87f28987b0b'
 'ad9fcb83162f25fca702327d1bba69ac48b5100563f64fdf29566b784b6b65fd672916f9808390b88356953e13abb3397dd73fd2cb31ea400cc377df84eb5708'
 '91dfd372ab15b681d02ef1be7eb6f92f1337623c75d62e8d945d60a8237da230c158954584a0ab26dfd2db13fc151a4a40dd43de4713fa05d93cb4f825811cf1']"
f7c83630-ae80-45fa-b5e0-af0577c4bc84,1436,영양조리교육실,인덕션,"영양조리교육실에는 인덕션이 설치되어 있으며, 이 공간은 인덕션 조리기구와 연관된 영양 조리 교육을 수행하는 장소이다. 즉, 영양조리교육실은 인덕션을 배치해 조리 실습과 교육이 가능하도록 구성되어 있다.",23.0,24,"['b5e78035484ad3d17a0c3ce0737228801dce7f4637353e1a07d03968fe5cda3da95164c7e04bcca74c0d7ddca825a719b7447af5b487fdfd3a09c5fbbc08e2e5'
 'c772a262a1189d30faa21e6b477499556ba40a6aca45e080f99d599f6c29be2cf99f49693039995cefb33789d902345f19052a98e8886c52f66707c8a6a0aa3f'
 '85d4721d7a31f6bb5af2f96cc81489f60cf9d2727b2b466824df298b206dfff1bf9137d41e316e024c5dfbbec5d19138ee67054fc84adbfd6ed070929ff46572']"
b19808d3-1704-4d89-958a-0550c6b0056a,3430,전등설비,"HFIX 2.5SQ X2, E-2.5SQ (16C)","전등설비에는 **HFIX 2.5SQ X2, E-2.5SQ (16C)** 배선 규격이 적용되어 있으며, 이 사양은 조명 시스템, 조명 설비 항목, 그리고 조명 설치 전반에서 공통적으로 사용되는 것으로 기록되어 있다. 즉, **전등설비**의 조명 관련 구성에서 해당 배선은 표준적인 배선 사양으로 지정되어 있으며, 조명 설비의 전기 연결을 위해 이 규격이 채택된 것으로 이해할 수 있다.",23.0,71,"['9bac80ab0b5eb25dde2d9996eb6aed6e56158c1bfdd60d8f34641547da10cf9b8fc0c524081744c4985c59ce56f14fa81d59191b14e096e20ca7b87f28987b0b'
 'ad9fcb83162f25fca702327d1bba69ac48b5100563f64fdf29566b784b6b65fd672916f9808390b88356953e13abb3397dd73fd2cb31ea400cc377df84eb5708'
 '91dfd372ab15b681d02ef1be7eb6f92f1337623c75d62e8d945d60a8237da230c158954584a0ab26dfd2db13fc151a4a40dd43de4713fa05d93cb4f825811cf1']"
ed411c97-7b6f-49d5-a705-c76d5359c747,1084,FCS,FCR,"FCS and FCR are paired connection labels shown together in the pit-floor plan, representing the fan coil supply and return lines in the cooling system. In the plan, FCS and FCR appear as matched supply/return designations, indicating the corresponding flow paths for the fan coil setup and showing their relationship as a linked pair within the overall system layout.",23.0,6,"['5fa204f7fe7695d074abca6c40dd4a577779777b790b963780e61c8462ade930eb1c2323a6a54b1e4da30c198775fe597c5459437c3786b967e3c814a448355e'
 'afb57a389ca82e577ab8b96a04b99911659ee49d722ffa6971d8e803d11203227a1d44547642906b03c1bd8bca75ceabb74af92d147e50946693d531e9a1df25'
 '3d1649792aa024aa6d4e2332be8fa12e9e795def70376317dc9c8fda778adb6d88149d8ad613e4232ca342950d732757987eae976ec416da038469ca733afad2']"
65b382d6-d671-408f-ab36-bcd89c18d074,170,UP,DN,"UP and DN are circulation direction indicators used on architectural floor plans to depict stair movement. In the context of the floor plan, UP and DN function as a paired system of opposite direction markers that are shown together to clarify vertical travel. UP indicates one stair circulation direction, while DN indicates the opposing direction, forming a direct contrast between upward versus downward movement (or otherwise opposite travel directions) within the same plan set.",23.0,19,"['da15cb707a59121be887560c7808c1df51e6d3f1e95dbfe0dce3634a832a4931878af3f4b5536a307ae910cc1cbe99616412fee73a632d426b387ad61312bace'
 '577f596e262f3cc2b8e1b0fdb3e7089bdfdff988c0fd3c05170ed0d431e2b87ee2ac2918c678c9a126de32c661f8693b946d71f94ab4fdc38aa519ca8e5f3e91'
 'c98fc1778bb47fbc08fc495856a348beeb34ac02c74912b172b5ef5a5255398648b80b4839207022b787b48d5fe5f5093a589afa2a1b9f5d46624fb9c8afd69d'
 '8328d1718f241b455fe80536a4b037acfe8292ff619cf1540e12aa156a946e68179130ebc9b0c22892d2144a5edb98bf893c238ffb502046e89b831002e2be18'
 '85d4721d7a31f6bb5af2f96cc81489f60cf9d2727b2b466824df298b206dfff1bf9137d41e316e024c5dfbbec5d19138ee67054fc84adbfd6ed070929ff46572']"
e4c32820-4823-43e0-86b0-c25b8a7a1dec,3431,전등설비,"HFIX 2.5SQ X3, E-2.5SQ (16C)","전등설비는 조명 시스템 및 조명 설비 섹션에서 사용되는 배선 규격으로, **HFIX 2.5SQ X3, E-2.5SQ (16C)** 사양이 적용된다. 이 사양은 조명 설치와 관련된 전등설비의 배선에 해당하며, 설비 내 조명 회로를 구성하는 표준 규격으로 기록되어 있다.",23.0,71,"['9bac80ab0b5eb25dde2d9996eb6aed6e56158c1bfdd60d8f34641547da10cf9b8fc0c524081744c4985c59ce56f14fa81d59191b14e096e20ca7b87f28987b0b'
 'ad9fcb83162f25fca702327d1bba69ac48b5100563f64fdf29566b784b6b65fd672916f9808390b88356953e13abb3397dd73fd2cb31ea400cc377df84eb5708'
 '91dfd372ab15b681d02ef1be7eb6f92f1337623c75d62e8d945d60a8237da230c158954584a0ab26dfd2db13fc151a4a40dd43de4713fa05d93cb4f825811cf1']"
b23f074c-1890-44ad-9585-879ac56f4945,1058,기계실,PIT,"The **기계실 (mechanical room)** and **PIT** are shown as related areas in the diagram. The **PIT locations are marked within the mechanical-room plan**, indicating that their positions are identified on the layout. In addition, the **기계실 is connected by piping to the PIT area**, and the **mechanical room is linked by piping to the PIT area**, confirming a direct piping connection between the two spaces. Overall, the description shows that the **기계실** includes or references the **PIT** locations in its plan and is physically connected to the **PIT** area through piping.",23.0,48,"['5fa204f7fe7695d074abca6c40dd4a577779777b790b963780e61c8462ade930eb1c2323a6a54b1e4da30c198775fe597c5459437c3786b967e3c814a448355e'
 'afb57a389ca82e577ab8b96a04b99911659ee49d722ffa6971d8e803d11203227a1d44547642906b03c1bd8bca75ceabb74af92d147e50946693d531e9a1df25'
 'afb57a389ca82e577ab8b96a04b99911659ee49d722ffa6971d8e803d11203227a1d44547642906b03c1bd8bca75ceabb74af92d147e50946693d531e9a1df25']"
7898f411-b177-42c2-bb67-3b24adc7349c,563,84㎡형 단위세대 평면도 (확장형),AV/PS,"The floor plan for **84㎡형 단위세대 평면도 (확장형)** includes an **AV/PS** service shaft or utility space. It is marked as an **AV/PS utility/service space** within the layout, indicating a designated shaft area for building services and related utilities.",23.0,79,"['7c75dac995b41c0c216a19a3233ecda78c425b3f118ca33de2b2c96d8d3a529176f5f835629f31ae58f92a5f6dcdecb66a07065850ee78ebeec8d59cc3115a1e'
 '4a15db4d3a26173cd9a43087b3dfe04d7cda07475c805d68e2d9863bb935a99950089d5b25f0a8e10a601b9982c508dd6683010cef1b5a6f7c6b04b734fb721b'
 'f8661bb204d1dc3f40e6dc891ca46e52fdb583b2387d63efe49e7c54002ebf7b1325070d2e7a652afd2a30f314993f120f5eb1c40bf14eac7595434ee0e45706']"
359d2ed5-a683-4d74-94e8-f23ac06cf716,2647,어린이 건강 체험존,바른자세교정,"어린이 건강 체험존에는 **바른자세교정**이 포함되어 있으며, **바른자세교정**은 어린이 건강 체험존의 구성 요소이자 하위 활동으로 소개된다. 이 체험존은 아이들의 건강과 바른 자세 습관 형성을 돕기 위한 공간으로 보이며, 그 안에서 바른자세교정 활동을 통해 올바른 자세를 익히고 자세 습관을 점검할 수 있도록 구성된 것으로 정리된다.",22.0,17,"['b6fa1bbd454a640649dc4b3a4877cd98ec93d6ff81720e3f7e622e59d15d7f4c4f53bccd74a2089251a2f8e24ad4001ef5fc702af6bb32e7220a9a0c8d483c5a'
 '758edf72f0acdef6cf21abaf67719a2bab43f763f34378408d7be164ae3026c7aa2c35bceba64c0cbe528828b0adb8026d5e9037f453bee65d3875507819a2cb'
 'c772a262a1189d30faa21e6b477499556ba40a6aca45e080f99d599f6c29be2cf99f49693039995cefb33789d902345f19052a98e8886c52f66707c8a6a0aa3f']"
e1f7273d-6269-4d8f-853f-9dc4a97d16eb,2651,어린이 건강 체험존,손씻기 체험교육,"어린이 건강 체험존은 어린이들을 대상으로 한 건강 교육 및 체험 공간이며, 그 안에 손씻기 체험교육이 포함되어 있다. 손씻기 체험교육은 어린이 건강 체험존의 구성 요소이자 하위 활동으로 소개되며, 어린이들이 올바른 손씻기 방법과 위생 습관의 중요성을 직접 배우고 실천할 수 있도록 마련된 프로그램이다. 즉, 어린이 건강 체험존은 여러 건강 관련 체험 활동을 제공하는 공간이고, 그중 손씻기 체험교육은 위생 교육에 중점을 둔 핵심 체험 프로그램으로 볼 수 있다.",22.0,17,"['b6fa1bbd454a640649dc4b3a4877cd98ec93d6ff81720e3f7e622e59d15d7f4c4f53bccd74a2089251a2f8e24ad4001ef5fc702af6bb32e7220a9a0c8d483c5a'
 '758edf72f0acdef6cf21abaf67719a2bab43f763f34378408d7be164ae3026c7aa2c35bceba64c0cbe528828b0adb8026d5e9037f453bee65d3875507819a2cb'
 'c772a262a1189d30faa21e6b477499556ba40a6aca45e080f99d599f6c29be2cf99f49693039995cefb33789d902345f19052a98e8886c52f66707c8a6a0aa3f']"
